0	0.368
0.01	0.198
0.02	0.024
0.03	0.111
0.04	-0.220
0.05	0.536
0.06	0.019
0.07	0.568
0.08	0.084
0.09	0.276
0.1	-0.457
0.11	-0.222
0.12	0.394
0.13	-0.202
0.14	0.183
0.15	-0.114
0.16	-0.043
0.17	-0.427
0.18	-0.402
0.19	0.311
0.2	-0.014
0.21	-0.253
0.22	-0.242
0.23	0.273
0.24	-0.018
0.25	0.162
0.26	0.125
0.27	0.239
0.28	0.127
0.29	-0.424
0.3	0.119
0.31	0.356
0.32	0.230
0.33	-0.752
0.34	-0.087
0.35	-0.102
0.36	0.101
0.37	-0.162
0.38	-0.001
0.39	0.508
0.4	0.268
0.41	0.085
0.42	-0.292
0.43	-0.022
0.44	0.047
0.45	-0.176
0.46	-0.106
0.47	0.131
0.48	0.493
0.49	-0.773
0.5	-0.347
0.51	0.355
0.52	0.184
0.53	-0.086
0.54	0.131
0.55	-0.309
0.56	-0.323
0.57	0.100
0.58	0.479
0.59	0.237
0.6	-0.161
0.61	0.280
0.62	-0.079
0.63	-0.230
0.64	-0.141
0.65	-0.194
0.66	-0.066
0.67	0.178
0.68	-0.336
0.69	0.111
0.7	0.358
0.71	0.047
0.72	0.222
0.73	-0.017
0.74	0.638
0.75	0.292
0.76	-0.574
0.77	0.011
0.78	-0.572
0.79	0.325
0.8	0.125
0.81	0.202
0.82	0.276
0.83	0.554
0.84	-0.101
0.85	-0.044
0.86	0.195
0.87	0.309
0.88	-0.353
0.89	-0.174
0.9	0.013
0.91	-0.785
0.92	0.366
0.93	-0.325
0.94	0.365
0.95	-0.249
0.96	0.201
0.97	0.259
0.98	-0.056
0.99	0.178
1	-0.040
1.01	0.167
1.02	-0.365
1.03	-0.259
1.04	0.407
1.05	-0.243
1.06	0.019
1.07	-0.568
1.08	-0.202
1.09	-0.328
1.1	-0.177
1.11	0.206
1.12	0.198
1.13	0.250
1.14	-0.079
1.15	0.020
1.16	-0.480
1.17	-0.297
1.18	0.239
1.19	0.113
1.2	-0.041
1.21	-0.582
1.22	-0.093
1.23	-0.081
1.24	-0.340
1.25	-0.127
1.26	0.584
1.27	-0.380
1.28	-0.752
1.29	-1.090
1.3	-0.498
1.31	-0.479
1.32	-0.643
1.33	0.363
1.34	0.019
1.35	-0.082
1.36	-0.168
1.37	-1.220
1.38	0.218
1.39	-0.313
1.4	-0.614
1.41	-0.984
1.42	-0.314
1.43	0.312
1.44	-0.239
1.45	-0.094
1.46	-0.426
1.47	-0.048
1.48	-0.863
1.49	-0.081
1.5	-0.226
1.51	-0.457
1.52	-0.342
1.53	0.093
1.54	-0.406
1.55	-0.141
1.56	-0.839
1.57	-0.060
1.58	0.136
1.59	-0.629
1.6	-0.770
1.61	-0.759
1.62	-0.243
1.63	-0.706
1.64	-0.502
1.65	-0.922
1.66	-0.156
1.67	-0.728
1.68	-0.216
1.69	-0.257
1.7	-0.555
1.71	-0.412
1.72	-0.614
1.73	-0.634
1.74	-0.159
1.75	-0.514
1.76	-0.879
1.77	-0.041
1.78	-0.872
1.79	-0.412
1.8	-0.817
1.81	-0.653
1.82	-0.433
1.83	-0.231
1.84	-0.675
1.85	-0.465
1.86	-0.646
1.87	-0.575
1.88	-0.962
1.89	-0.630
1.9	-0.122
1.91	-0.861
1.92	-1.010
1.93	-0.107
1.94	-0.240
1.95	-0.364
1.96	-1.080
1.97	-0.129
1.98	-0.813
1.99	-1.010
2	-0.854
2.01	-0.522
2.02	-0.432
2.03	-0.574
2.04	-0.729
2.05	-0.079
2.06	-0.856
2.07	-0.622
2.08	-0.887
2.09	-0.530
2.1	-1.280
2.11	-0.461
2.12	-1.020
2.13	-0.709
2.14	-1.010
2.15	-1.070
2.16	-1.280
2.17	-0.997
2.18	-0.625
2.19	-0.539
2.2	-0.209
2.21	-0.497
2.22	-1.370
2.23	-1.000
2.24	-0.706
2.25	-1.440
2.26	-0.728
2.27	-0.800
2.28	-0.491
2.29	-0.404
2.3	-0.280
2.31	-0.613
2.32	-0.608
2.33	-0.060
2.34	0.077
2.35	-0.610
2.36	-0.425
2.37	-0.764
2.38	-0.432
2.39	-0.188
2.4	-0.604
2.41	-0.361
2.42	-0.377
2.43	-0.572
2.44	-0.531
2.45	0.248
2.46	-0.651
2.47	-0.477
2.48	-0.783
2.49	-0.324
2.5	-0.156
2.51	-0.435
2.52	-0.147
2.53	-0.472
2.54	0.170
2.55	-0.228
2.56	0.040
2.57	0.495
2.58	-0.044
2.59	0.251
2.6	-0.080
2.61	-0.246
2.62	-0.428
2.63	-0.247
2.64	0.253
2.65	0.170
2.66	-0.419
2.67	-0.142
2.68	-0.481
2.69	0.038
2.7	0.258
2.71	-0.275
2.72	-0.912
2.73	0.202
2.74	1.010
2.75	0.172
2.76	0.107
2.77	0.112
2.78	0.335
2.79	0.702
2.8	0.533
2.81	-0.001
2.82	0.075
2.83	0.157
2.84	-0.182
2.85	0.463
2.86	0.157
2.87	0.607
2.88	0.063
2.89	0.655
2.9	-0.459
2.91	0.726
2.92	-0.322
2.93	-0.166
2.94	0.191
2.95	-0.277
2.96	0.339
2.97	0.372
2.98	0.625
2.99	0.087
3	0.355
3.01	0.309
3.02	0.461
3.03	0.446
3.04	-0.060
3.05	0.820
3.06	0.147
3.07	-0.013
3.08	-0.032
3.09	0.668
3.1	0.246
3.11	1.160
3.12	0.248
3.13	0.273
3.14	0.455
3.15	-0.042
3.16	0.250
3.17	-0.156
3.18	0.683
3.19	0.453
3.2	-0.024
3.21	0.392
3.22	0.251
3.23	0.822
3.24	0.820
3.25	0.603
3.26	0.556
3.27	0.660
3.28	0.170
3.29	0.534
3.3	0.299
3.31	0.703
3.32	0.380
3.33	1.030
3.34	0.501
3.35	0.855
3.36	0.447
3.37	-0.012
3.38	0.584
3.39	0.411
3.4	0.040
3.41	0.557
3.42	0.575
3.43	0.379
3.44	0.935
3.45	0.252
3.46	0.213
3.47	0.514
3.48	0.644
3.49	0.363
3.5	0.444
3.51	0.191
3.52	1.170
3.53	1.160
3.54	0.066
3.55	1.160
3.56	0.273
3.57	0.464
3.58	0.741
3.59	0.467
3.6	0.997
3.61	0.964
3.62	0.077
3.63	0.249
3.64	0.350
3.65	0.727
3.66	0.461
3.67	0.826
3.68	0.678
3.69	0.289
3.7	0.658
3.71	0.381
3.72	0.423
3.73	1.070
3.74	0.108
3.75	-0.004
3.76	0.792
3.77	0.149
3.78	0.599
3.79	0.725
3.8	0.566
3.81	0.474
3.82	0.599
3.83	1.040
3.84	0.463
3.85	0.859
3.86	0.474
3.87	0.855
3.88	0.449
3.89	1.060
3.9	0.743
3.91	1.190
3.92	0.792
3.93	0.968
3.94	1.100
3.95	0.837
3.96	0.580
3.97	0.670
3.98	0.403
3.99	0.061
4	0.762
4.01	0.888
4.02	0.800
4.03	0.625
4.04	0.593
4.05	1.090
4.06	0.855
4.07	1.240
4.08	0.997
4.09	1.200
4.1	0.305
4.11	0.662
4.12	1.060
4.13	1.330
4.14	0.209
4.15	0.781
4.16	1.370
4.17	0.810
4.18	0.562
4.19	0.309
4.2	0.745
4.21	0.886
4.22	0.839
4.23	0.716
4.24	0.783
4.25	0.980
4.26	1.070
4.27	0.290
4.28	0.994
4.29	0.593
4.3	0.967
4.31	0.597
4.32	1.180
4.33	1.110
4.34	0.542
4.35	0.612
4.36	1.340
4.37	1.100
4.38	0.194
4.39	0.969
4.4	0.933
4.41	0.524
4.42	0.409
4.43	0.924
4.44	0.438
4.45	1.030
4.46	0.798
4.47	0.272
4.48	1.080
4.49	0.536
4.5	0.664
4.51	1.430
4.52	0.750
4.53	0.777
4.54	1.140
4.55	1.240
4.56	0.669
4.57	0.619
4.58	0.568
4.59	1.010
4.6	0.771
4.61	0.964
4.62	1.230
4.63	1.200
4.64	0.580
4.65	0.565
4.66	1.070
4.67	1.010
4.68	1.110
4.69	0.960
4.7	0.356
4.71	0.568
4.72	0.667
4.73	0.756
4.74	0.889
4.75	0.850
4.76	0.672
4.77	0.944
4.78	0.908
4.79	0.800
4.8	0.748
4.81	0.436
4.82	1.210
4.83	1.280
4.84	1.030
4.85	0.575
4.86	1.020
4.87	0.484
4.88	0.963
4.89	1.020
4.9	1.200
4.91	1.240
4.92	1.080
4.93	0.446
4.94	1.120
4.95	0.459
4.96	0.431
4.97	1.660
4.98	0.646
4.99	0.559
5	0.829
5.01	0.444
5.02	0.844
5.03	0.601
5.04	0.580
5.05	0.420
5.06	0.629
5.07	0.230
5.08	0.868
5.09	0.367
5.1	0.375
5.11	0.209
5.12	0.366
5.13	1.010
5.14	0.642
5.15	-0.211
5.16	0.177
5.17	0.297
5.18	0.091
5.19	0.292
5.2	0.176
5.21	0.688
5.22	0.179
5.23	-0.057
5.24	0.423
5.25	-0.106
5.26	0.337
5.27	0.734
5.28	0.330
5.29	0.523
5.3	0.321
5.31	0.111
5.32	0.617
5.33	-0.334
5.34	1.140
5.35	0.254
5.36	0.394
5.37	0.036
5.38	-0.203
5.39	-0.444
5.4	0.582
5.41	-0.341
5.42	-0.141
5.43	0.041
5.44	-0.264
5.45	0.138
5.46	0.080
5.47	-0.165
5.48	0.194
5.49	-0.302
5.5	-0.187
5.51	0.276
5.52	0.052
5.53	0.126
5.54	0.396
5.55	0.121
5.56	-0.069
5.57	0.054
5.58	0.153
5.59	-0.621
5.6	-0.133
5.61	-0.469
5.62	0.095
5.63	0.199
5.64	0.252
5.65	-0.401
5.66	-0.286
5.67	0.242
5.68	-0.077
5.69	-0.264
5.7	-0.214
5.71	-0.113
5.72	0.078
5.73	-0.329
5.74	-0.448
5.75	-0.177
5.76	-0.149
5.77	-0.232
5.78	-0.009
5.79	0.579
5.8	0.134
5.81	-0.656
5.82	-0.383
5.83	-0.845
5.84	-0.552
5.85	0.096
5.86	0.228
5.87	0.444
5.88	-0.554
5.89	-0.034
5.9	-0.492
5.91	0.114
5.92	0.039
5.93	-0.451
5.94	-1.090
5.95	-0.370
5.96	-0.737
5.97	-0.700
5.98	-0.503
5.99	-0.851
6	0.150
6.01	-0.463
6.02	-0.644
6.03	-0.419
6.04	-0.905
6.05	-0.038
6.06	-0.621
6.07	-0.296
6.08	-0.483
6.09	-0.935
6.1	-0.739
6.11	-0.400
6.12	-0.164
6.13	-0.342
6.14	-0.217
6.15	-0.753
6.16	0.003
6.17	0.206
6.18	-0.121
6.19	-0.938
6.2	-0.354
6.21	-0.381
6.22	-0.662
6.23	-0.532
6.24	-0.721
6.25	-0.446
6.26	-0.487
6.27	-0.296
6.28	-0.499
6.29	-0.534
6.3	-0.455
6.31	-0.682
6.32	-1.120
6.33	-0.384
6.34	-0.667
6.35	-0.515
6.36	-0.308
6.37	-0.764
6.38	-0.950
6.39	-1.240
6.4	-0.889
6.41	-0.222
6.42	-0.576
6.43	-0.384
6.44	-0.099
6.45	-0.771
6.46	-0.388
6.47	-0.065
6.48	-1.020
6.49	-0.974
6.5	-0.720
6.51	-0.569
6.52	-0.938
6.53	-0.875
6.54	-1.390
6.55	-1.180
6.56	-0.615
6.57	-0.122
6.58	-0.857
6.59	-0.006
6.6	-0.767
6.61	-0.982
6.62	-0.410
6.63	-1.070
6.64	0.007
6.65	-0.923
6.66	-0.754
6.67	-0.687
6.68	-1.140
6.69	-0.440
6.7	-0.777
6.71	-0.013
6.72	-1.060
6.73	-0.700
6.74	-1.060
6.75	-0.941
6.76	-0.772
6.77	-0.799
6.78	-1.020
6.79	-0.591
6.8	0.128
6.81	-0.844
6.82	-0.743
6.83	-1.270
6.84	-0.326
6.85	-0.918
6.86	-1.060
6.87	-1.180
6.88	-0.474
6.89	-0.665
6.9	-1.400
6.91	-0.219
6.92	-0.936
6.93	-1.000
6.94	-0.944
6.95	-0.637
6.96	-1.010
6.97	-0.642
6.98	-0.500
6.99	-0.619
7	-0.577
7.01	-0.621
7.02	-0.579
7.03	-1.340
7.04	-0.891
7.05	-0.853
7.06	-0.363
7.07	-1.310
7.08	-0.807
7.09	-0.939
7.1	-0.709
7.11	-0.590
7.12	-0.539
7.13	-1.020
7.14	-1.010
7.15	-1.120
7.16	-0.477
7.17	-0.825
7.18	-1.070
7.19	-0.192
7.2	-0.853
7.21	-0.809
7.22	-1.030
7.23	-0.984
7.24	-0.594
7.25	-1.220
7.26	-0.412
7.27	-0.657
7.28	-1.050
7.29	-0.862
7.3	-1.070
7.31	-0.503
7.32	-0.631
7.33	-1.040
7.34	-0.891
7.35	-0.490
7.36	-0.964
7.37	-0.912
7.38	-0.925
7.39	-1.240
7.4	-0.950
7.41	-0.298
7.42	-1.350
7.43	-0.530
7.44	-0.470
7.45	-1.350
7.46	-0.585
7.47	-1.100
7.48	-0.591
7.49	-1.060
7.5	-0.640
7.51	-0.665
7.52	-0.666
7.53	-1.310
7.54	-1.240
7.55	-0.437
7.56	-0.902
7.57	-1.620
7.58	-1.120
7.59	-0.891
7.6	-1.240
7.61	-0.411
7.62	-0.796
7.63	-0.924
7.64	-0.913
7.65	-1.340
7.66	-0.731
7.67	-1.070
7.68	-0.787
7.69	-0.563
7.7	-1.300
7.71	-0.747
7.72	-1.010
7.73	-1.090
7.74	-0.511
7.75	-0.575
7.76	-0.896
7.77	-1.160
7.78	-1.270
7.79	-1.140
7.8	-0.857
7.81	-0.508
7.82	-0.564
7.83	-1.460
7.84	-1.080
7.85	-0.984
7.86	-0.491
7.87	-1.330
7.88	-0.791
7.89	-0.490
7.9	-1.290
7.91	-0.720
7.92	-0.720
7.93	-1.000
7.94	-1.210
7.95	-0.995
7.96	-0.347
7.97	-0.902
7.98	-0.811
7.99	-0.733
8	-1.360
8.01	-0.789
8.02	-0.297
8.03	-1.400
8.04	-0.304
8.05	-1.550
8.06	-1.060
8.07	-0.986
8.08	-0.476
8.09	-1.140
8.1	-0.335
8.11	-1.230
8.12	-0.864
8.13	0.035
8.14	-0.907
8.15	-0.008
8.16	-1.340
8.17	-0.912
8.18	-0.547
8.19	-0.131
8.2	0.385
8.21	0.058
8.22	-0.484
8.23	-0.938
8.24	-0.918
8.25	-0.833
8.26	-0.313
8.27	-0.460
8.28	-0.841
8.29	-0.391
8.3	-1.050
8.31	-0.210
8.32	-0.009
8.33	0.036
8.34	-0.250
8.35	-0.619
8.36	0.084
8.37	-0.417
8.38	-0.269
8.39	-0.837
8.4	-0.689
8.41	-0.008
8.42	0.109
8.43	-0.402
8.44	-0.510
8.45	-0.105
8.46	0.000
8.47	-0.728
8.48	0.221
8.49	0.020
8.5	-0.118
8.51	-0.262
8.52	-0.648
8.53	-0.462
8.54	-0.452
8.55	-0.369
8.56	0.129
8.57	0.226
8.58	0.434
8.59	-0.289
8.6	-0.568
8.61	-0.037
8.62	0.120
8.63	0.245
8.64	-0.306
8.65	-0.478
8.66	0.215
8.67	0.093
8.68	-0.305
8.69	0.360
8.7	-0.075
8.71	-0.092
8.72	0.155
8.73	-0.042
8.74	-0.226
8.75	0.482
8.76	0.000
8.77	0.051
8.78	-0.129
8.79	0.334
8.8	0.387
8.81	0.331
8.82	-0.383
8.83	0.081
8.84	0.066
8.85	-0.233
8.86	0.256
8.87	0.216
8.88	0.336
8.89	0.685
8.9	-0.047
8.91	-0.159
8.92	0.160
8.93	0.022
8.94	0.349
8.95	0.579
8.96	0.697
8.97	-0.011
8.98	0.654
8.99	0.972
9	0.309
9.01	-0.097
9.02	-0.174
9.03	0.305
9.04	0.515
9.05	0.042
9.06	0.355
9.07	0.849
9.08	-0.127
9.09	0.283
9.1	0.579
9.11	-0.013
9.12	0.202
9.13	0.173
9.14	0.475
9.15	0.442
9.16	0.927
9.17	0.338
9.18	0.195
9.19	0.238
9.2	1.020
9.21	1.090
9.22	0.369
9.23	0.363
9.24	0.445
9.25	0.193
9.26	0.141
9.27	0.170
9.28	0.200
9.29	0.223
9.3	-0.049
9.31	0.602
9.32	0.282
9.33	0.176
9.34	1.290
9.35	0.309
9.36	0.762
9.37	0.595
9.38	0.059
9.39	0.634
9.4	1.040
9.41	0.851
9.42	0.564
9.43	1.180
9.44	0.351
9.45	0.478
9.46	1.080
9.47	1.060
9.48	0.329
9.49	0.287
9.5	0.936
9.51	0.426
9.52	0.480
9.53	0.609
9.54	0.280
9.55	0.283
9.56	0.952
9.57	0.243
9.58	0.460
9.59	0.719
9.6	0.541
9.61	0.481
9.62	0.862
9.63	-0.089
9.64	0.291
9.65	0.662
9.66	0.872
9.67	0.339
9.68	0.924
9.69	0.450
9.7	0.919
9.71	0.038
9.72	0.415
9.73	1.050
9.74	0.850
9.75	-0.258
9.76	0.325
9.77	0.188
9.78	0.227
9.79	0.724
9.8	1.040
9.81	0.256
9.82	1.350
9.83	1.170
9.84	0.686
9.85	0.940
9.86	0.475
9.87	0.503
9.88	0.755
9.89	0.665
9.9	0.354
9.91	1.150
9.92	0.522
9.93	1.340
9.94	0.864
9.95	0.718
9.96	0.644
9.97	0.348
9.98	1.110
9.99	0.338
10	0.685
10.01	0.114
10.02	0.424
10.03	0.924
10.04	0.825
10.05	0.555
10.06	0.761
10.07	0.760
10.08	0.781
10.09	0.443
10.1	0.692
10.11	0.943
10.12	1.400
10.13	0.810
10.14	1.890
10.15	0.463
10.16	1.140
10.17	1.020
10.18	0.878
10.19	1.500
10.2	0.444
10.21	1.190
10.22	0.901
10.23	1.270
10.24	0.588
10.25	0.772
10.26	0.657
10.27	0.722
10.28	0.833
10.29	0.805
10.3	0.923
10.31	1.240
10.32	0.587
10.33	0.947
10.34	0.874
10.35	1.210
10.36	0.379
10.37	0.278
10.38	0.434
10.39	0.983
10.4	0.620
10.41	0.556
10.42	0.140
10.43	0.585
10.44	0.549
10.45	0.495
10.46	1.140
10.47	1.060
10.48	0.371
10.49	0.780
10.5	0.751
10.51	0.776
10.52	1.420
10.53	0.807
10.54	0.141
10.55	0.634
10.56	1.070
10.57	1.100
10.58	1.010
10.59	0.982
10.6	0.137
10.61	0.777
10.62	0.563
10.63	0.962
10.64	1.130
10.65	0.569
10.66	0.625
10.67	0.971
10.68	1.060
10.69	0.894
10.7	0.884
10.71	0.816
10.72	0.894
10.73	0.583
10.74	1.600
10.75	0.743
10.76	1.360
10.77	1.060
10.78	0.738
10.79	0.865
10.8	0.996
10.81	0.797
10.82	1.190
10.83	1.300
10.84	0.476
10.85	0.769
10.86	1.230
10.87	0.451
10.88	0.396
10.89	0.732
10.9	0.658
10.91	1.020
10.92	1.030
10.93	0.546
10.94	0.430
10.95	0.896
10.96	0.898
10.97	0.883
10.98	0.579
10.99	1.220
11	0.781
11.01	0.659
11.02	0.587
11.03	0.988
11.04	1.060
11.05	0.841
11.06	1.600
11.07	0.374
11.08	0.766
11.09	1.260
11.1	0.654
11.11	1.040
11.12	0.619
11.13	1.210
11.14	0.770
11.15	0.730
11.16	0.648
11.17	0.899
11.18	1.550
11.19	0.561
11.2	1.200
11.21	0.432
11.22	0.736
11.23	0.615
11.24	1.090
11.25	0.538
11.26	0.624
11.27	0.959
11.28	1.440
11.29	0.269
11.3	0.251
11.31	0.712
11.32	0.942
11.33	0.989
11.34	0.880
11.35	0.583
11.36	1.030
11.37	0.822
11.38	0.620
11.39	0.607
11.4	0.683
11.41	0.742
11.42	1.060
11.43	0.387
11.44	0.431
11.45	0.432
11.46	0.291
11.47	0.286
11.48	0.369
11.49	0.979
11.5	0.973
11.51	0.130
11.52	0.469
11.53	-0.354
11.54	0.860
11.55	0.383
11.56	0.239
11.57	0.550
11.58	0.255
11.59	0.974
11.6	0.021
11.61	0.058
11.62	0.681
11.63	0.282
11.64	0.757
11.65	0.222
11.66	0.396
11.67	0.089
11.68	0.702
11.69	-0.607
11.7	-0.109
11.71	0.274
11.72	0.419
11.73	0.086
11.74	0.302
11.75	-0.035
11.76	0.235
11.77	-0.088
11.78	0.772
11.79	0.089
11.8	0.138
11.81	0.128
11.82	0.636
11.83	0.010
11.84	0.123
11.85	-0.551
11.86	-0.584
11.87	-0.085
11.88	0.682
11.89	-0.202
11.9	0.149
11.91	0.058
11.92	-0.144
11.93	0.139
11.94	-0.567
11.95	0.333
11.96	-0.046
11.97	-0.007
11.98	-0.684
11.99	0.257
12	-0.261
12.01	-0.012
12.02	-0.610
12.03	-0.179
12.04	-0.212
12.05	-0.204
12.06	-0.987
12.07	-0.415
12.08	-0.016
12.09	-0.331
12.1	-0.307
12.11	-0.770
12.12	0.093
12.13	-0.360
12.14	-0.405
12.15	-0.315
12.16	0.057
12.17	-0.042
12.18	-0.164
12.19	-0.479
12.2	-0.753
12.21	-0.122
12.22	-0.560
12.23	-0.699
12.24	-0.306
12.25	-0.907
12.26	0.108
12.27	-0.220
12.28	-0.362
12.29	-0.305
12.3	0.046
12.31	-0.088
12.32	-0.274
12.33	-0.442
12.34	-0.368
12.35	-0.291
12.36	-0.468
12.37	0.071
12.38	-0.397
12.39	-0.620
12.4	0.139
12.41	-0.337
12.42	-0.528
12.43	-0.643
12.44	-0.531
12.45	-0.847
12.46	-0.582
12.47	-0.867
12.48	-0.507
12.49	-0.074
12.5	-0.753
12.51	-0.847
12.52	-0.363
12.53	0.251
12.54	-1.030
12.55	-0.527
12.56	-0.657
12.57	-0.225
12.58	-0.473
12.59	-1.170
12.6	-0.142
12.61	-0.344
12.62	-0.145
12.63	-0.111
12.64	-1.000
12.65	-0.543
12.66	-0.729
12.67	-0.552
12.68	-0.673
12.69	-0.487
12.7	-0.007
12.71	-0.460
12.72	-0.242
12.73	-0.680
12.74	-0.461
12.75	-0.389
12.76	0.072
12.77	-0.310
12.78	-0.242
12.79	-1.100
12.8	-0.062
12.81	-0.735
12.82	-0.936
12.83	-0.038
12.84	-0.684
12.85	-0.686
12.86	-0.963
12.87	-1.220
12.88	-0.660
12.89	-0.768
12.9	-1.310
12.91	-0.517
12.92	-0.959
12.93	-0.756
12.94	-0.950
12.95	-1.360
12.96	-0.649
12.97	-0.848
12.98	-0.866
12.99	-0.619
13	-1.100
13.01	-0.867
13.02	-0.599
13.03	-0.605
13.04	-1.020
13.05	-0.918
13.06	-0.517
13.07	-0.550
13.08	-0.389
13.09	-0.292
13.1	-0.926
13.11	-1.550
13.12	-0.855
13.13	-0.748
13.14	-0.629
13.15	-0.559
13.16	-0.581
13.17	-0.672
13.18	-0.979
13.19	-0.872
13.2	-0.715
13.21	-0.666
13.22	-0.623
13.23	-0.646
13.24	-0.550
13.25	-0.626
13.26	-0.678
13.27	-0.808
13.28	-1.190
13.29	-0.345
13.3	-0.410
13.31	-0.482
13.32	-0.753
13.33	-0.524
13.34	-0.366
13.35	-0.626
13.36	-1.120
13.37	-0.515
13.38	-1.080
13.39	-1.000
13.4	-0.813
13.41	-0.920
13.42	-0.695
13.43	-1.010
13.44	-0.544
13.45	-0.538
13.46	-1.020
13.47	-0.677
13.48	-0.505
13.49	-0.466
13.5	-0.068
13.51	-0.565
13.52	0.093
13.53	-0.737
13.54	-0.655
13.55	-1.540
13.56	-0.151
13.57	-0.862
13.58	-0.783
13.59	-0.756
13.6	-0.616
13.61	-1.630
13.62	-0.527
13.63	-0.996
13.64	-0.698
13.65	-0.986
13.66	-1.190
13.67	-1.280
13.68	-1.210
13.69	-1.210
13.7	-1.450
13.71	-1.260
13.72	-0.487
13.73	-0.870
13.74	-1.080
13.75	-1.160
13.76	-0.830
13.77	-1.090
13.78	-0.695
13.79	-0.266
13.8	-0.860
13.81	-0.958
13.82	-0.740
13.83	-0.686
13.84	-1.120
13.85	-0.701
13.86	-0.899
13.87	-0.618
13.88	-1.220
13.89	-0.309
13.9	-0.764
13.91	-0.323
13.92	-0.876
13.93	-1.160
13.94	-0.774
13.95	-1.020
13.96	-1.350
13.97	-0.986
13.98	-1.020
13.99	-0.682
14	-1.030
14.01	-1.160
14.02	-0.689
14.03	-0.982
14.04	-0.667
14.05	-0.730
14.06	-0.877
14.07	-1.030
14.08	-0.577
14.09	-1.070
14.1	-0.788
14.11	-0.981
14.12	-0.621
14.13	-0.906
14.14	-1.310
14.15	-0.759
14.16	-0.616
14.17	-1.720
14.18	-0.809
14.19	-0.473
14.2	-0.937
14.21	-0.758
14.22	-1.150
14.23	-0.862
14.24	-0.746
14.25	-0.828
14.26	-1.020
14.27	-0.694
14.28	-0.509
14.29	-0.836
14.3	-0.906
14.31	-1.140
14.32	-0.673
14.33	-1.160
14.34	-0.677
14.35	-0.194
14.36	-1.270
14.37	-1.430
14.38	-1.280
14.39	-1.250
14.4	-0.477
14.41	-0.719
14.42	-0.554
14.43	-0.758
14.44	-0.898
14.45	-0.888
14.46	-0.781
14.47	-0.470
14.48	-0.853
14.49	-0.547
14.5	-1.080
14.51	-0.498
14.52	-0.651
14.53	-0.820
14.54	-0.624
14.55	-0.812
14.56	-1.190
14.57	-0.053
14.58	-0.433
14.59	-0.087
14.6	-0.521
14.61	0.067
14.62	-0.220
14.63	-0.593
14.64	-0.355
14.65	-0.968
14.66	-0.265
14.67	-0.663
14.68	-0.797
14.69	-0.169
14.7	-0.449
14.71	0.185
14.72	-0.619
14.73	-0.452
14.74	-0.152
14.75	0.471
14.76	-0.029
14.77	-0.560
14.78	0.053
14.79	0.054
14.8	-0.001
14.81	0.062
14.82	-0.638
14.83	-0.677
14.84	-0.271
14.85	-0.524
14.86	-0.308
14.87	-0.059
14.88	0.196
14.89	-0.331
14.9	-0.668
14.91	0.544
14.92	-0.195
14.93	0.266
14.94	-0.301
14.95	0.330
14.96	-0.180
14.97	-0.401
14.98	0.127
14.99	-0.357
15	0.048
15.01	-0.302
15.02	-0.229
15.03	0.154
15.04	0.596
15.05	0.523
15.06	0.237
15.07	-0.059
15.08	-0.009
15.09	0.028
15.1	0.021
15.11	-0.242
15.12	0.249
15.13	0.273
15.14	0.145
15.15	0.287
15.16	0.399
15.17	0.891
15.18	0.294
15.19	0.452
15.2	0.131
15.21	-0.135
15.22	-0.198
15.23	-0.029
15.24	-0.241
15.25	-0.370
15.26	-0.474
15.27	-0.056
15.28	0.189
15.29	-0.254
15.3	0.096
15.31	0.632
15.32	0.589
15.33	0.737
15.34	-0.038
15.35	0.333
15.36	-0.242
15.37	0.457
15.38	-0.006
15.39	0.459
15.4	0.297
15.41	0.808
15.42	0.539
15.43	-0.025
15.44	0.168
15.45	-0.084
15.46	0.127
15.47	0.536
15.48	0.507
15.49	0.891
15.5	0.147
15.51	0.540
15.52	0.840
15.53	0.445
15.54	0.596
15.55	0.896
15.56	0.406
15.57	-0.316
15.58	-0.066
15.59	0.309
15.6	0.989
15.61	0.825
15.62	0.344
15.63	0.358
15.64	-0.072
15.65	0.970
15.66	0.939
15.67	0.645
15.68	0.234
15.69	0.215
15.7	0.811
15.71	0.448
15.72	0.117
15.73	0.410
15.74	0.149
15.75	0.506
15.76	0.554
15.77	0.319
15.78	0.366
15.79	0.334
15.8	0.663
15.81	0.338
15.82	0.990
15.83	0.759
15.84	0.163
15.85	0.373
15.86	0.249
15.87	0.114
15.88	0.033
15.89	0.299
15.9	0.583
15.91	0.372
15.92	1.270
15.93	0.716
15.94	0.875
15.95	0.705
15.96	0.413
15.97	0.779
15.98	1.200
15.99	0.555
16	0.273
16.01	1.000
16.02	0.764
16.03	0.812
16.04	0.907
16.05	1.290
16.06	0.535
16.07	0.636
16.08	0.869
16.09	1.120
16.1	0.462
16.11	0.100
16.12	0.691
16.13	0.477
16.14	1.020
16.15	0.324
16.16	0.285
16.17	0.803
16.18	0.281
16.19	0.760
16.2	0.761
16.21	1.850
16.22	1.110
16.23	0.987
16.24	0.377
16.25	0.066
16.26	0.999
16.27	1.570
16.28	0.193
16.29	0.647
16.3	0.573
16.31	0.997
16.32	1.070
16.33	0.948
16.34	0.882
16.35	0.636
16.36	0.915
16.37	0.572
16.38	0.902
16.39	0.328
16.4	0.681
16.41	0.744
16.42	0.783
16.43	0.871
16.44	0.826
16.45	0.689
16.46	1.140
16.47	0.627
16.48	0.860
16.49	0.100
16.5	1.370
16.51	0.838
16.52	0.905
16.53	1.090
16.54	0.721
16.55	0.653
16.56	0.987
16.57	0.964
16.58	0.923
16.59	0.769
16.6	0.516
16.61	0.944
16.62	0.472
16.63	0.844
16.64	0.659
16.65	0.593
16.66	0.845
16.67	0.650
16.68	0.487
16.69	1.060
16.7	0.464
16.71	0.801
16.72	0.298
16.73	0.548
16.74	0.611
16.75	0.803
16.76	1.030
16.77	0.570
16.78	1.270
16.79	0.923
16.8	0.760
16.81	0.713
16.82	1.390
16.83	0.564
16.84	1.330
16.85	1.090
16.86	0.816
16.87	0.916
16.88	0.295
16.89	0.625
16.9	0.702
16.91	1.210
16.92	1.270
16.93	1.060
16.94	0.572
16.95	0.469
16.96	0.852
16.97	0.757
16.98	1.140
16.99	1.010
17	0.831
17.01	1.080
17.02	0.721
17.03	0.272
17.04	0.998
17.05	1.260
17.06	1.450
17.07	0.852
17.08	2.080
17.09	0.242
17.1	0.799
17.11	0.640
17.12	0.985
17.13	0.538
17.14	0.980
17.15	0.666
17.16	0.642
17.17	0.742
17.18	0.921
17.19	0.763
17.2	0.653
17.21	0.990
17.22	0.676
17.23	0.291
17.24	1.170
17.25	0.395
17.26	0.775
17.27	0.985
17.28	1.110
17.29	0.211
17.3	0.733
17.31	0.567
17.32	1.450
17.33	0.867
17.34	1.240
17.35	0.758
17.36	0.761
17.37	0.999
17.38	1.220
17.39	0.922
17.4	1.050
17.41	1.250
17.42	0.884
17.43	0.470
17.44	0.942
17.45	0.452
17.46	1.030
17.47	1.280
17.48	1.060
17.49	0.983
17.5	1.330
17.51	0.703
17.52	1.100
17.53	0.617
17.54	0.880
17.55	0.730
17.56	0.495
17.57	0.445
17.58	1.120
17.59	1.040
17.6	0.340
17.61	0.806
17.62	0.621
17.63	1.050
17.64	0.557
17.65	0.546
17.66	0.788
17.67	0.623
17.68	0.575
17.69	0.260
17.7	0.093
17.71	0.973
17.72	0.454
17.73	0.019
17.74	0.648
17.75	1.220
17.76	0.607
17.77	0.742
17.78	0.564
17.79	0.608
17.8	0.575
17.81	0.450
17.82	0.094
17.83	0.768
17.84	0.147
17.85	0.688
17.86	0.624
17.87	0.298
17.88	0.705
17.89	0.497
17.9	0.479
17.91	-0.020
17.92	0.331
17.93	-0.016
17.94	0.584
17.95	0.017
17.96	0.345
17.97	0.287
17.98	0.333
17.99	0.031
18	0.605
18.01	0.026
18.02	0.138
18.03	0.623
18.04	-0.320
18.05	-0.292
18.06	0.273
18.07	0.606
18.08	-0.273
18.09	0.111
18.1	0.210
18.11	-0.012
18.12	-0.554
18.13	0.110
18.14	-0.329
18.15	0.185
18.16	0.493
18.17	-0.286
18.18	0.323
18.19	-0.322
18.2	-0.728
18.21	0.160
18.22	-0.494
18.23	0.779
18.24	0.017
18.25	-0.307
18.26	-0.216
18.27	-0.692
18.28	-0.017
18.29	-0.200
18.3	-0.457
18.31	-0.468
18.32	0.099
18.33	0.122
18.34	-0.584
18.35	0.107
18.36	-0.247
18.37	-0.011
18.38	0.102
18.39	-0.218
18.4	-0.099
18.41	-0.236
18.42	-0.179
18.43	0.011
18.44	-0.696
18.45	-0.698
18.46	-0.631
18.47	-0.188
18.48	-0.186
18.49	-0.037
18.5	-0.474
18.51	-0.218
18.52	-0.155
18.53	-0.100
18.54	0.165
18.55	-0.292
18.56	-0.477
18.57	-0.338
18.58	0.005
18.59	0.250
18.6	-0.332
18.61	-0.369
18.62	-0.209
18.63	-0.297
18.64	-0.327
18.65	0.244
18.66	-0.301
18.67	-0.433
18.68	-0.504
18.69	-0.823
18.7	-0.616
18.71	-0.764
18.72	-0.437
18.73	-0.447
18.74	-0.262
18.75	0.424
18.76	-0.421
18.77	-0.683
18.78	-0.687
18.79	-0.619
18.8	-0.044
18.81	-0.498
18.82	-0.302
18.83	-0.431
18.84	0.052
18.85	-0.700
18.86	-1.060
18.87	-0.169
18.88	-0.028
18.89	0.190
18.9	-0.499
18.91	-0.294
18.92	-0.560
18.93	-0.467
18.94	-0.179
18.95	-0.664
18.96	-0.163
18.97	-0.003
18.98	-0.370
18.99	-0.067
19	-0.974
19.01	-0.686
19.02	-0.509
19.03	-0.770
19.04	-0.230
19.05	-0.415
19.06	-0.382
19.07	-0.862
19.08	-0.661
19.09	-0.415
19.1	-0.660
19.11	-0.717
19.12	-1.020
19.13	-0.494
19.14	-0.283
19.15	-0.704
19.16	-0.485
19.17	-0.593
19.18	-0.672
19.19	-0.360
19.2	-0.411
19.21	-0.602
19.22	-0.871
19.23	-0.828
19.24	-0.709
19.25	-0.490
19.26	0.047
19.27	-0.646
19.28	-1.110
19.29	-0.733
19.3	-1.150
19.31	-1.030
19.32	-0.228
19.33	-1.090
19.34	-0.769
19.35	0.047
19.36	-0.805
19.37	-0.733
19.38	-0.687
19.39	-0.062
19.4	-0.410
19.41	-0.529
19.42	-0.497
19.43	-0.802
19.44	-0.932
19.45	-0.725
19.46	-0.797
19.47	-0.755
19.48	-0.605
19.49	-1.330
19.5	-0.638
19.51	-0.492
19.52	-0.962
19.53	-0.532
19.54	-0.232
19.55	-1.430
19.56	-0.783
19.57	-0.274
19.58	-0.848
19.59	-1.210
19.6	-0.629
19.61	-0.625
19.62	-0.541
19.63	-0.551
19.64	-0.751
19.65	-0.900
19.66	-1.000
19.67	-0.998
19.68	-1.100
19.69	-0.493
19.7	-0.544
19.71	-0.961
19.72	-0.837
19.73	-1.410
19.74	-1.080
19.75	-1.190
19.76	-1.590
19.77	-1.230
19.78	-0.800
19.79	-0.554
19.8	-1.370
19.81	-1.080
19.82	-0.889
19.83	-0.653
19.84	-0.665
19.85	-0.887
19.86	-1.210
19.87	-0.370
19.88	-0.721
19.89	-0.411
19.9	-0.900
19.91	-1.070
19.92	-0.892
19.93	-0.647
19.94	-0.807
19.95	-1.220
19.96	-0.741
19.97	-1.110
19.98	-0.943
19.99	-0.933
20	-0.952
20.01	-0.426
20.02	-0.658
20.03	-1.290
20.04	-0.362
20.05	-0.594
20.06	-1.370
20.07	-0.465
20.08	-0.448
20.09	-1.650
20.1	-0.674
20.11	-0.672
20.12	-0.401
20.13	-1.040
20.14	-0.109
20.15	-0.602
20.16	-1.380
20.17	-1.130
20.18	-1.050
20.19	-1.330
20.2	-0.956
20.21	-0.676
20.22	-1.090
20.23	-1.280
20.24	-0.772
20.25	-0.985
20.26	-0.576
20.27	-0.676
20.28	-0.503
20.29	-0.903
20.3	-0.773
20.31	-0.974
20.32	-0.612
20.33	-1.450
20.34	-1.240
20.35	-1.350
20.36	-0.698
20.37	-1.190
20.38	-0.859
20.39	-1.440
20.4	-0.301
20.41	-1.400
20.42	-1.210
20.43	-1.280
20.44	-1.190
20.45	-1.050
20.46	-0.750
20.47	-1.700
20.48	-0.578
20.49	-0.743
20.5	-1.150
20.51	-1.320
20.52	-0.919
20.53	-1.150
20.54	-1.060
20.55	-1.120
20.56	-0.440
20.57	-1.070
20.58	-0.831
20.59	-1.130
20.6	-0.577
20.61	-0.454
20.62	-0.801
20.63	-0.597
20.64	-0.542
20.65	-1.160
20.66	-0.557
20.67	-0.540
20.68	-1.660
20.69	-0.598
20.7	-1.180
20.71	-0.876
20.72	-0.433
20.73	-0.663
20.74	-0.968
20.75	-0.727
20.76	-0.975
20.77	-0.770
20.78	-0.891
20.79	-0.598
20.8	-0.585
20.81	-0.578
20.82	-1.140
20.83	-0.158
20.84	-0.373
20.85	-0.582
20.86	-0.655
20.87	-0.857
20.88	-1.480
20.89	-0.492
20.9	-0.902
20.91	-0.301
20.92	-1.050
20.93	-0.462
20.94	-0.987
20.95	-0.211
20.96	-1.190
20.97	-0.479
20.98	-0.791
20.99	0.096
21	-1.220
21.01	-0.959
21.02	-0.365
21.03	-0.195
21.04	-0.659
21.05	-0.969
21.06	-0.363
21.07	-1.130
21.08	0.163
21.09	-0.459
21.1	0.092
21.11	-0.204
21.12	-1.120
21.13	0.104
21.14	-0.847
21.15	-0.091
21.16	-0.913
21.17	-0.645
21.18	-0.424
21.19	0.098
21.2	-0.380
21.21	-0.463
21.22	-0.096
21.23	-0.200
21.24	0.589
21.25	0.342
21.26	-0.381
21.27	0.340
21.28	-0.063
21.29	-0.120
21.3	-0.086
21.31	0.240
21.32	-0.202
21.33	-0.178
21.34	-0.255
21.35	0.029
21.36	0.107
21.37	0.013
21.38	-0.243
21.39	-0.077
21.4	-0.426
21.41	-0.122
21.42	0.007
21.43	0.535
21.44	0.224
21.45	0.041
21.46	0.026
21.47	0.299
21.48	-0.311
21.49	-0.118
21.5	0.567
21.51	-0.352
21.52	0.388
21.53	-0.374
21.54	-0.365
21.55	-0.213
21.56	-0.089
21.57	-0.197
21.58	0.437
21.59	-0.052
21.6	-0.063
21.61	0.176
21.62	0.275
21.63	1.010
21.64	0.105
21.65	0.392
21.66	0.008
21.67	0.442
21.68	0.725
21.69	0.555
21.7	0.275
21.71	1.090
21.72	0.636
21.73	0.826
21.74	0.146
21.75	0.175
21.76	0.350
21.77	0.312
21.78	0.686
21.79	0.070
21.8	0.789
21.81	0.666
21.82	0.810
21.83	-0.243
21.84	0.416
21.85	0.324
21.86	0.112
21.87	0.487
21.88	0.145
21.89	0.151
21.9	0.656
21.91	-0.010
21.92	0.519
21.93	0.472
21.94	0.846
21.95	0.987
21.96	0.096
21.97	0.872
21.98	0.359
21.99	0.712
22	-0.165
22.01	1.310
22.02	0.500
22.03	0.287
22.04	0.301
22.05	0.882
22.06	0.844
22.07	0.799
22.08	0.290
22.09	0.144
22.1	0.366
22.11	1.100
22.12	0.529
22.13	0.334
22.14	0.129
22.15	0.520
22.16	0.307
22.17	0.330
22.18	0.727
22.19	0.706
22.2	0.250
22.21	0.365
22.22	0.803
22.23	0.575
22.24	0.358
22.25	1.190
22.26	1.130
22.27	0.892
22.28	0.155
22.29	0.407
22.3	0.771
22.31	0.518
22.32	0.268
22.33	1.110
22.34	0.007
22.35	0.205
22.36	0.970
22.37	0.749
22.38	0.848
22.39	0.790
22.4	0.255
22.41	1.020
22.42	0.744
22.43	1.200
22.44	0.503
22.45	0.984
22.46	0.683
22.47	0.347
22.48	0.961
22.49	1.020
22.5	0.802
22.51	0.970
22.52	1.140
22.53	0.197
22.54	0.436
22.55	0.613
22.56	1.070
22.57	0.735
22.58	0.482
22.59	0.679
22.6	0.963
22.61	0.808
22.62	0.927
22.63	0.563
22.64	0.793
22.65	1.060
22.66	1.150
22.67	-0.025
22.68	0.708
22.69	0.633
22.7	1.160
22.71	0.458
22.72	0.752
22.73	0.703
22.74	0.578
22.75	0.809
22.76	0.669
22.77	0.581
22.78	0.931
22.79	0.678
22.8	0.981
22.81	0.761
22.82	0.717
22.83	1.200
22.84	0.873
22.85	0.889
22.86	0.451
22.87	0.928
22.88	0.670
22.89	0.939
22.9	0.683
22.91	0.972
22.92	0.950
22.93	0.827
22.94	0.658
22.95	1.020
22.96	0.910
22.97	1.060
22.98	0.978
22.99	1.290
23	0.656
23.01	0.233
23.02	1.120
23.03	0.926
23.04	0.948
23.05	0.306
23.06	0.621
23.07	-0.096
23.08	0.696
23.09	0.509
23.1	0.714
23.11	0.862
23.12	0.718
23.13	0.617
23.14	0.784
23.15	0.652
23.16	-0.067
23.17	0.899
23.18	1.330
23.19	-0.073
23.2	1.120
23.21	0.719
23.22	0.970
23.23	0.775
23.24	0.849
23.25	1.110
23.26	0.872
23.27	0.668
23.28	0.564
23.29	1.180
23.3	0.718
23.31	1.320
23.32	0.651
23.33	0.666
23.34	0.882
23.35	0.698
23.36	0.828
23.37	1.030
23.38	0.565
23.39	1.230
23.4	0.552
23.41	0.923
23.42	0.745
23.43	1.280
23.44	1.170
23.45	0.693
23.46	0.759
23.47	0.930
23.48	0.343
23.49	0.791
23.5	1.110
23.51	0.625
23.52	1.450
23.53	0.903
23.54	0.659
23.55	1.620
23.56	0.512
23.57	1.340
23.58	0.811
23.59	1.170
23.6	0.947
23.61	0.580
23.62	1.300
23.63	0.780
23.64	0.828
23.65	0.452
23.66	1.160
23.67	1.210
23.68	0.895
23.69	1.410
23.7	0.906
23.71	0.955
23.72	1.090
23.73	0.369
23.74	0.984
23.75	0.912
23.76	0.649
23.77	1.250
23.78	1.090
23.79	0.677
23.8	1.600
23.81	0.603
23.82	0.349
23.83	1.350
23.84	1.270
23.85	0.907
23.86	0.988
23.87	1.220
23.88	1.310
23.89	1.020
23.9	1.460
23.91	0.381
23.92	0.481
23.93	0.658
23.94	1.150
23.95	0.924
23.96	0.862
23.97	0.673
23.98	0.259
23.99	0.635
24	0.900
24.01	0.869
24.02	0.756
24.03	0.580
24.04	0.972
24.05	0.527
24.06	0.646
24.07	0.876
24.08	0.368
24.09	0.707
24.1	0.221
24.11	0.593
24.12	0.288
24.13	0.782
24.14	0.350
24.15	0.022
24.16	0.428
24.17	0.419
24.18	0.422
24.19	0.755
24.2	0.297
24.21	0.726
24.22	0.554
24.23	-0.443
24.24	0.127
24.25	0.428
24.26	0.296
24.27	0.196
24.28	0.673
24.29	0.911
24.3	-0.084
24.31	0.308
24.32	0.460
24.33	0.664
24.34	0.025
24.35	0.500
24.36	0.240
24.37	0.439
24.38	0.387
24.39	0.044
24.4	0.377
24.41	-0.256
24.42	0.314
24.43	0.575
24.44	0.292
24.45	-0.590
24.46	-0.069
24.47	0.015
24.48	-0.123
24.49	-0.294
24.5	0.382
24.51	-0.073
24.52	0.012
24.53	0.501
24.54	0.074
24.55	-0.814
24.56	-0.291
24.57	-0.017
24.58	-0.161
24.59	0.407
24.6	-0.242
24.61	-0.142
24.62	-0.380
24.63	-0.303
24.64	-0.144
24.65	-0.051
24.66	-0.222
24.67	-0.439
24.68	-0.155
24.69	-0.071
24.7	-0.480
24.71	-0.667
24.72	-0.038
24.73	0.356
24.74	-0.535
24.75	-0.924
24.76	0.060
24.77	-0.042
24.78	-0.945
24.79	-0.433
24.8	0.014
24.81	-0.270
24.82	-0.600
24.83	-0.665
24.84	0.099
24.85	-0.263
24.86	-0.334
24.87	-0.496
24.88	0.024
24.89	0.430
24.9	-0.445
24.91	-0.670
24.92	-0.413
24.93	0.041
24.94	-0.337
24.95	-0.205
24.96	-0.081
24.97	-0.349
24.98	0.082
24.99	-0.393
25	-0.212
25.01	-0.283
25.02	-0.457
25.03	0.000
25.04	-0.422
25.05	0.041
25.06	-0.418
25.07	-0.135
25.08	-0.618
25.09	-0.186
25.1	-0.310
25.11	-0.856
25.12	-0.069
25.13	-0.671
25.14	-0.004
25.15	-0.528
25.16	-1.020
25.17	-0.636
25.18	-0.332
25.19	-0.398
25.2	-0.535
25.21	-0.500
25.22	-0.805
25.23	-1.110
25.24	-0.674
25.25	-0.055
25.26	-0.866
25.27	-0.458
25.28	0.513
25.29	-0.414
25.3	-0.438
25.31	-0.890
25.32	-0.400
25.33	0.114
25.34	-0.685
25.35	-0.120
25.36	-0.112
25.37	-0.110
25.38	-0.402
25.39	-0.187
25.4	-1.030
25.41	-0.395
25.42	0.140
25.43	-1.000
25.44	-0.333
25.45	0.069
25.46	-0.935
25.47	-0.719
25.48	-0.660
25.49	-0.759
25.5	-0.440
25.51	-0.831
25.52	-1.050
25.53	-0.932
25.54	-0.212
25.55	-0.612
25.56	-0.128
25.57	-0.467
25.58	-0.727
25.59	-0.395
25.6	-0.626
25.61	-0.688
25.62	-1.000
25.63	-0.407
25.64	-0.556
25.65	-0.460
25.66	-0.407
25.67	-0.642
25.68	-0.540
25.69	-0.718
25.7	-0.632
25.71	-0.881
25.72	-1.100
25.73	-0.330
25.74	-0.362
25.75	-0.684
25.76	-0.403
25.77	-0.182
25.78	-0.636
25.79	-0.661
25.8	-1.020
25.81	-0.709
25.82	-1.540
25.83	-0.476
25.84	-0.605
25.85	-0.314
25.86	-0.395
25.87	-0.772
25.88	-0.740
25.89	-0.652
25.9	-1.210
25.91	-0.968
25.92	-0.710
25.93	-0.835
25.94	-0.578
25.95	-0.197
25.96	-1.390
25.97	-0.819
25.98	-1.090
25.99	-0.462
26	-0.434
26.01	-0.407
26.02	-1.070
26.03	-0.991
26.04	-0.622
26.05	-0.559
26.06	-1.180
26.07	-0.939
26.08	-0.565
26.09	-0.460
26.1	-0.821
26.11	-0.976
26.12	-1.230
26.13	-1.190
26.14	-0.610
26.15	-1.050
26.16	-0.480
26.17	-1.180
26.18	-0.372
26.19	-0.834
26.2	-0.945
26.21	-0.685
26.22	-0.376
26.23	-0.448
26.24	-0.663
26.25	-0.999
26.26	-0.859
26.27	-1.130
26.28	-0.609
26.29	-0.442
26.3	-0.720
26.31	-0.586
26.32	-1.110
26.33	-0.527
26.34	-0.351
26.35	-0.698
26.36	-0.350
26.37	-1.090
26.38	-0.853
26.39	-0.848
26.4	-0.327
26.41	-0.891
26.42	-0.650
26.43	-0.914
26.44	-0.989
26.45	-0.674
26.46	-0.734
26.47	-1.080
26.48	-0.847
26.49	-0.461
26.5	-1.000
26.51	-0.865
26.52	-1.330
26.53	-0.796
26.54	-1.040
26.55	-0.735
26.56	-0.749
26.57	-0.765
26.58	-1.120
26.59	-0.678
26.6	-0.712
26.61	-1.240
26.62	-1.210
26.63	-1.240
26.64	-0.382
26.65	-1.250
26.66	-0.499
26.67	-1.120
26.68	-0.764
26.69	-1.070
26.7	-1.240
26.71	-0.579
26.72	-1.280
26.73	-0.882
26.74	-1.020
26.75	-0.484
26.76	-1.120
26.77	-1.250
26.78	-0.913
26.79	-0.822
26.8	-0.638
26.81	-0.856
26.82	-1.010
26.83	-0.676
26.84	-0.558
26.85	-0.538
26.86	-0.623
26.87	-1.210
26.88	-1.040
26.89	-1.030
26.9	-1.190
26.91	-0.969
26.92	-1.750
26.93	-1.380
26.94	-1.190
26.95	-0.831
26.96	-0.579
26.97	-1.160
26.98	-1.220
26.99	-1.170
27	-0.287
27.01	-0.687
27.02	-1.320
27.03	-0.711
27.04	-1.270
27.05	-0.421
27.06	-1.060
27.07	-0.308
27.08	-1.250
27.09	-1.050
27.1	-1.330
27.11	-0.799
27.12	-1.250
27.13	-1.200
27.14	-1.490
27.15	-0.848
27.16	-0.367
27.17	-0.969
27.18	-1.480
27.19	-1.030
27.2	-1.280
27.21	-0.722
27.22	-0.823
27.23	-1.160
27.24	-0.672
27.25	-0.183
27.26	-0.979
27.27	-0.780
27.28	-0.724
27.29	-0.398
27.3	-0.981
27.31	-0.080
27.32	-0.580
27.33	-0.740
27.34	-0.239
27.35	-0.375
27.36	-0.419
27.37	-0.441
27.38	-0.582
27.39	-0.884
27.4	-0.019
27.41	-0.360
27.42	-0.302
27.43	-1.000
27.44	-0.605
27.45	-0.772
27.46	-0.787
27.47	0.064
27.48	-0.190
27.49	-0.070
27.5	0.240
27.51	-0.114
27.52	-0.304
27.53	-0.153
27.54	-0.578
27.55	-0.206
27.56	-0.642
27.57	-0.307
27.58	-0.135
27.59	-0.484
27.6	-0.396
27.61	-0.232
27.62	-0.267
27.63	-0.364
27.64	-0.075
27.65	-0.173
27.66	0.184
27.67	0.046
27.68	0.314
27.69	-0.565
27.7	-0.381
27.71	0.602
27.72	-0.347
27.73	-0.205
27.74	-0.725
27.75	-0.181
27.76	-0.393
27.77	0.299
27.78	0.776
27.79	0.055
27.8	0.082
27.81	0.249
27.82	-0.021
27.83	0.022
27.84	-0.169
27.85	-0.043
27.86	0.479
27.87	0.297
27.88	0.094
27.89	-0.127
27.9	0.228
27.91	-0.117
27.92	-0.479
27.93	0.088
27.94	0.235
27.95	0.017
27.96	-0.379
27.97	0.170
27.98	0.521
27.99	-0.202
28	0.075
28.01	-0.121
28.02	0.581
28.03	0.347
28.04	-0.027
28.05	0.092
28.06	-0.016
28.07	0.432
28.08	0.523
28.09	0.573
28.1	0.309
28.11	0.167
28.12	0.067
28.13	0.391
28.14	0.229
28.15	0.256
28.16	0.170
28.17	0.498
28.18	-0.038
28.19	0.844
28.2	0.628
28.21	0.433
28.22	-0.030
28.23	0.332
28.24	-0.351
28.25	0.348
28.26	0.402
28.27	1.180
28.28	0.202
28.29	0.679
28.3	0.545
28.31	0.675
28.32	0.726
28.33	0.555
28.34	0.450
28.35	0.155
28.36	0.423
28.37	0.383
28.38	0.553
28.39	0.697
28.4	0.652
28.41	0.322
28.42	0.230
28.43	0.231
28.44	0.162
28.45	0.571
28.46	0.484
28.47	0.638
28.48	-0.190
28.49	0.895
28.5	0.972
28.51	0.533
28.52	0.170
28.53	0.888
28.54	0.433
28.55	0.504
28.56	0.754
28.57	0.335
28.58	0.693
28.59	0.192
28.6	0.713
28.61	0.655
28.62	0.653
28.63	0.585
28.64	0.867
28.65	0.357
28.66	0.759
28.67	0.805
28.68	0.386
28.69	1.190
28.7	0.381
28.71	0.726
28.72	0.324
28.73	0.554
28.74	0.777
28.75	0.717
28.76	0.653
28.77	0.764
28.78	-0.338
28.79	0.801
28.8	0.019
28.81	0.466
28.82	0.518
28.83	0.038
28.84	0.837
28.85	0.807
28.86	0.390
28.87	1.130
28.88	0.737
28.89	0.813
28.9	0.719
28.91	0.870
28.92	0.716
28.93	0.818
28.94	0.411
28.95	0.647
28.96	0.289
28.97	0.066
28.98	0.787
28.99	0.123
29	0.554
29.01	0.678
29.02	0.846
29.03	0.579
29.04	0.456
29.05	0.858
29.06	0.658
29.07	0.471
29.08	0.246
29.09	0.681
29.1	0.849
29.11	1.140
29.12	1.030
29.13	0.727
29.14	1.120
29.15	0.932
29.16	0.887
29.17	1.100
29.18	0.359
29.19	0.742
29.2	0.787
29.21	0.470
29.22	0.541
29.23	0.456
29.24	0.624
29.25	0.855
29.26	0.323
29.27	1.080
29.28	0.969
29.29	0.810
29.3	0.557
29.31	1.100
29.32	0.781
29.33	1.130
29.34	0.276
29.35	0.487
29.36	0.209
29.37	1.190
29.38	0.739
29.39	0.169
29.4	0.216
29.41	0.841
29.42	1.230
29.43	0.333
29.44	0.906
29.45	0.546
29.46	0.763
29.47	0.748
29.48	0.854
29.49	0.590
29.5	1.040
29.51	0.927
29.52	0.906
29.53	1.060
29.54	1.530
29.55	1.130
29.56	0.684
29.57	0.960
29.58	-0.045
29.59	0.747
29.6	1.040
29.61	0.382
29.62	1.400
29.63	0.941
29.64	0.581
29.65	0.547
29.66	1.090
29.67	0.992
29.68	0.825
29.69	0.987
29.7	0.941
29.71	0.940
29.72	1.220
29.73	1.030
29.74	0.928
29.75	0.749
29.76	0.401
29.77	1.100
29.78	1.020
29.79	1.340
29.8	0.617
29.81	1.170
29.82	1.300
29.83	0.865
29.84	1.430
29.85	1.170
29.86	1.260
29.87	1.140
29.88	0.879
29.89	0.897
29.9	0.796
29.91	1.180
29.92	0.920
29.93	1.350
29.94	0.510
29.95	0.651
29.96	0.591
29.97	1.350
29.98	1.140
29.99	0.858
30	0.548
30.01	0.315
30.02	1.190
30.03	0.904
30.04	0.673
30.05	0.773
30.06	0.499
30.07	0.998
30.08	0.925
30.09	1.410
30.1	1.240
30.11	1.040
30.12	0.347
30.13	1.440
30.14	0.773
30.15	0.937
30.16	1.110
30.17	0.698
30.18	0.949
30.19	0.863
30.2	0.545
30.21	0.507
30.22	0.922
30.23	0.784
30.24	0.750
30.25	0.623
30.26	0.937
30.27	1.010
30.28	1.590
30.29	1.290
30.3	0.740
30.31	0.649
30.32	1.120
30.33	0.512
30.34	0.775
30.35	1.050
30.36	1.280
30.37	0.784
30.38	1.050
30.39	0.869
30.4	0.954
30.41	0.993
30.42	0.595
30.43	1.520
30.44	0.900
30.45	1.190
30.46	0.430
30.47	0.457
30.48	1.590
30.49	1.060
30.5	0.112
30.51	0.802
30.52	0.869
30.53	0.940
30.54	0.518
30.55	0.360
30.56	0.519
30.57	0.645
30.58	0.614
30.59	0.644
30.6	0.603
30.61	0.571
30.62	0.349
30.63	0.564
30.64	0.172
30.65	0.298
30.66	0.544
30.67	0.674
30.68	1.240
30.69	0.757
30.7	0.543
30.71	0.791
30.72	0.524
30.73	0.267
30.74	0.278
30.75	0.485
30.76	0.325
30.77	0.108
30.78	0.663
30.79	0.291
30.8	-0.008
30.81	0.294
30.82	0.569
30.83	0.966
30.84	-0.214
30.85	0.408
30.86	0.414
30.87	0.255
30.88	-0.353
30.89	0.428
30.9	0.272
30.91	0.208
30.92	-0.289
30.93	-0.042
30.94	0.341
30.95	-0.202
30.96	0.182
30.97	-0.299
30.98	0.155
30.99	0.195
31	-0.251
31.01	-0.358
31.02	0.089
31.03	0.176
31.04	-0.063
31.05	-0.379
31.06	-0.109
31.07	0.785
31.08	-0.079
31.09	-0.268
31.1	0.496
31.11	-0.046
31.12	0.337
31.13	-0.099
31.14	0.130
31.15	-0.626
31.16	0.153
31.17	0.025
31.18	0.012
31.19	-0.154
31.2	-0.340
31.21	0.050
31.22	-0.456
31.23	-0.096
31.24	0.110
31.25	0.229
31.26	0.277
31.27	-0.582
31.28	-0.290
31.29	0.022
31.3	0.241
31.31	0.030
31.32	-0.044
31.33	0.035
31.34	-0.567
31.35	-0.318
31.36	-0.122
31.37	-0.658
31.38	-0.633
31.39	-0.239
31.4	-0.124
31.41	0.258
31.42	-0.240
31.43	-0.591
31.44	-0.268
31.45	0.062
31.46	0.211
31.47	-0.652
31.48	-1.040
31.49	-0.371
31.5	-0.396
31.51	-0.286
31.52	0.026
31.53	0.196
31.54	-0.139
31.55	-0.585
31.56	-0.143
31.57	-0.437
31.58	-0.321
31.59	-0.218
31.6	-0.717
31.61	-0.828
31.62	-0.831
31.63	-0.442
31.64	-0.407
31.65	-0.179
31.66	-0.747
31.67	-0.299
31.68	-0.071
31.69	-0.511
31.7	-0.260
31.71	-0.256
31.72	-0.446
31.73	-0.520
31.74	-0.504
31.75	-0.351
31.76	-1.140
31.77	-0.531
31.78	-0.886
31.79	-0.143
31.8	-0.967
31.81	-0.214
31.82	-0.563
31.83	-0.115
31.84	-0.630
31.85	-0.723
31.86	-0.507
31.87	-0.195
31.88	-0.533
31.89	-0.869
31.9	-1.030
31.91	-0.569
31.92	-0.772
31.93	-0.506
31.94	-0.746
31.95	-0.231
31.96	-0.615
31.97	-0.074
31.98	-0.305
31.99	-0.443
32	-0.424
32.01	-0.649
32.02	-0.295
32.03	-0.658
32.04	-0.605
32.05	-0.266
32.06	-0.932
32.07	-0.984
32.08	-0.335
32.09	-0.691
32.1	-0.613
32.11	-0.694
32.12	-0.782
32.13	-0.928
32.14	-0.456
32.15	-0.174
32.16	-0.639
32.17	-1.070
32.18	-0.467
32.19	-0.339
32.2	-0.532
32.21	-0.392
32.22	-0.402
32.23	-0.602
32.24	-0.577
32.25	-0.139
32.26	-0.557
32.27	-0.954
32.28	-0.388
32.29	-0.787
32.3	-0.727
32.31	-0.863
32.32	-0.869
32.33	-0.693
32.34	-0.312
32.35	-0.619
32.36	-0.218
32.37	-0.742
32.38	-1.120
32.39	-0.336
32.4	-0.719
32.41	-0.786
32.42	-0.563
32.43	-0.907
32.44	-0.939
32.45	-0.391
32.46	-1.070
32.47	-1.060
32.48	-0.843
32.49	-0.716
32.5	-0.357
32.51	-0.163
32.52	-0.724
32.53	-0.891
32.54	-0.861
32.55	-0.778
32.56	-1.700
32.57	-0.438
32.58	-1.240
32.59	-0.894
32.6	-0.921
32.61	-0.762
32.62	-0.676
32.63	-0.627
32.64	-1.270
32.65	-1.170
32.66	-1.320
32.67	-0.855
32.68	-1.110
32.69	-0.628
32.7	-1.220
32.71	-1.370
32.72	-0.422
32.73	-0.981
32.74	-0.764
32.75	-0.808
32.76	-0.101
32.77	-1.330
32.78	-0.976
32.79	-0.451
32.8	-0.705
32.81	-1.070
32.82	-1.290
32.83	-1.400
32.84	-0.596
32.85	-0.521
32.86	-0.493
32.87	-0.864
32.88	-0.933
32.89	-0.504
32.9	-1.280
32.91	-1.130
32.92	-0.285
32.93	-0.665
32.94	-0.717
32.95	-0.405
32.96	-0.887
32.97	-0.267
32.98	-0.810
32.99	-0.547
33	-0.764
33.01	-0.161
33.02	-0.967
33.03	-1.230
33.04	-1.320
33.05	-0.827
33.06	-0.716
33.07	-0.929
33.08	-0.577
33.09	-1.010
33.1	-1.170
33.11	-0.833
33.12	-0.988
33.13	-0.929
33.14	-1.100
33.15	-0.612
33.16	-0.906
33.17	-0.849
33.18	-1.510
33.19	-1.440
33.2	-0.491
33.21	-0.683
33.22	-0.799
33.23	-0.913
33.24	-1.280
33.25	-0.656
33.26	-1.040
33.27	-0.541
33.28	-0.657
33.29	-0.918
33.3	-0.542
33.31	-0.899
33.32	-1.190
33.33	-0.927
33.34	-0.946
33.35	-0.507
33.36	-0.411
33.37	-0.879
33.38	-1.010
33.39	-1.040
33.4	-0.804
33.41	-0.337
33.42	-1.180
33.43	-0.581
33.44	-0.884
33.45	-0.418
33.46	-0.794
33.47	-0.694
33.48	-0.490
33.49	-1.200
33.5	-1.120
33.51	-0.924
33.52	-0.782
33.53	-0.667
33.54	-1.070
33.55	-0.920
33.56	-0.588
33.57	-1.050
33.58	-0.774
33.59	-0.879
33.6	-0.953
33.61	-0.747
33.62	-0.645
33.63	-0.884
33.64	-0.699
33.65	-0.646
33.66	-1.460
33.67	-0.961
33.68	-0.732
33.69	-1.090
33.7	-0.761
33.71	-1.350
33.72	-0.940
33.73	-0.773
33.74	-1.140
33.75	-0.860
33.76	-0.180
33.77	-1.090
33.78	-0.247
33.79	-0.913
33.8	-0.167
33.81	-0.357
33.82	-0.679
33.83	-0.400
33.84	-0.556
33.85	-0.766
33.86	-0.700
33.87	-0.956
33.88	-0.401
33.89	-0.498
33.9	0.086
33.91	-0.395
33.92	-0.582
33.93	-0.783
33.94	-0.357
33.95	-0.414
33.96	0.036
33.97	-0.426
33.98	-0.592
33.99	-0.540
34	-0.597
34.01	-0.342
34.02	0.288
34.03	-0.199
34.04	-0.566
34.05	-0.295
34.06	-0.121
34.07	-0.181
34.08	-0.177
34.09	-0.290
34.1	-0.160
34.11	0.051
34.12	-0.637
34.13	-0.013
34.14	-0.046
34.15	-0.633
34.16	-0.544
34.17	-0.412
34.18	0.452
34.19	0.080
34.2	-0.031
34.21	-0.051
34.22	-0.339
34.23	-0.271
34.24	0.174
34.25	-0.477
34.26	-0.403
34.27	-0.606
34.28	-0.057
34.29	-0.463
34.3	0.139
34.31	-0.493
34.32	0.049
34.33	0.106
34.34	0.151
34.35	-0.353
34.36	0.240
34.37	-0.287
34.38	0.243
34.39	-0.074
34.4	0.082
34.41	0.189
34.42	0.107
34.43	-0.123
34.44	-0.110
34.45	0.010
34.46	-0.497
34.47	-0.665
34.48	0.253
34.49	0.074
34.5	0.255
34.51	0.547
34.52	0.364
34.53	0.008
34.54	-0.311
34.55	-0.006
34.56	0.127
34.57	0.206
34.58	0.067
34.59	0.254
34.6	0.513
34.61	0.402
34.62	0.279
34.63	0.052
34.64	0.106
34.65	-0.161
34.66	0.784
34.67	0.079
34.68	0.163
34.69	0.515
34.7	0.310
34.71	0.620
34.72	-0.505
34.73	0.931
34.74	0.436
34.75	0.598
34.76	0.694
34.77	-0.265
34.78	0.254
34.79	0.377
34.8	-0.114
34.81	0.526
34.82	0.060
34.83	0.683
34.84	0.054
34.85	0.642
34.86	0.419
34.87	0.407
34.88	0.395
34.89	0.323
34.9	0.345
34.91	0.663
34.92	0.735
34.93	0.125
34.94	0.503
34.95	0.380
34.96	0.277
34.97	0.794
34.98	0.426
34.99	0.338
35	0.075
35.01	0.403
35.02	0.308
35.03	0.307
35.04	1.150
35.05	0.714
35.06	0.855
35.07	0.580
35.08	0.428
35.09	0.846
35.1	0.550
35.11	0.178
35.12	0.983
35.13	0.784
35.14	0.633
35.15	0.687
35.16	0.732
35.17	0.518
35.18	0.973
35.19	0.285
35.2	0.650
35.21	0.958
35.22	0.677
35.23	0.168
35.24	0.770
35.25	0.751
35.26	0.665
35.27	0.768
35.28	0.462
35.29	1.250
35.3	0.608
35.31	0.357
35.32	0.528
35.33	1.190
35.34	0.720
35.35	0.753
35.36	0.154
35.37	0.883
35.38	0.618
35.39	0.638
35.4	0.786
35.41	1.210
35.42	0.505
35.43	0.844
35.44	0.625
35.45	0.766
35.46	0.801
35.47	1.130
35.48	0.396
35.49	0.707
35.5	0.736
35.51	1.140
35.52	0.832
35.53	0.865
35.54	0.912
35.55	0.571
35.56	0.585
35.57	0.168
35.58	1.100
35.59	1.050
35.6	0.749
35.61	0.638
35.62	0.772
35.63	1.160
35.64	0.782
35.65	0.739
35.66	0.514
35.67	1.230
35.68	0.225
35.69	1.190
35.7	0.645
35.71	1.240
35.72	0.564
35.73	1.230
35.74	0.609
35.75	0.781
35.76	0.740
35.77	0.778
35.78	0.846
35.79	0.351
35.8	0.810
35.81	0.453
35.82	0.440
35.83	0.805
35.84	0.825
35.85	0.679
35.86	0.569
35.87	0.894
35.88	0.760
35.89	1.030
35.9	1.360
35.91	0.716
35.92	0.864
35.93	0.846
35.94	0.653
35.95	0.325
35.96	0.504
35.97	0.781
35.98	0.006
35.99	0.935
36	0.546
36.01	0.994
36.02	0.668
36.03	0.599
36.04	0.151
36.05	0.791
36.06	0.654
36.07	0.980
36.08	1.250
36.09	0.961
36.1	0.811
36.11	0.875
36.12	0.509
36.13	0.692
36.14	0.124
36.15	1.280
36.16	0.899
36.17	1.020
36.18	0.208
36.19	0.897
36.2	0.815
36.21	0.451
36.22	1.270
36.23	0.449
36.24	1.100
36.25	0.289
36.26	0.699
36.27	0.879
36.28	1.090
36.29	0.911
36.3	0.802
36.31	1.560
36.32	1.220
36.33	0.998
36.34	0.815
36.35	0.920
36.36	0.601
36.37	0.874
36.38	0.857
36.39	0.971
36.4	0.580
36.41	0.907
36.42	0.923
36.43	0.763
36.44	0.266
36.45	0.699
36.46	1.180
36.47	0.894
36.48	0.541
36.49	0.451
36.5	0.913
36.51	1.420
36.52	1.200
36.53	1.040
36.54	0.892
36.55	0.276
36.56	1.280
36.57	1.320
36.58	0.783
36.59	1.700
36.6	0.553
36.61	0.842
36.62	0.981
36.63	0.910
36.64	0.972
36.65	0.474
36.66	1.040
36.67	1.070
36.68	0.667
36.69	0.946
36.7	1.160
36.71	0.918
36.72	1.520
36.73	1.330
36.74	1.220
36.75	0.699
36.76	0.810
36.77	0.640
36.78	1.380
36.79	1.450
36.8	0.802
36.81	0.695
36.82	0.873
36.83	0.732
36.84	0.975
36.85	1.290
36.86	0.807
36.87	0.711
36.88	0.583
36.89	0.990
36.9	0.795
36.91	0.925
36.92	0.348
36.93	0.572
36.94	1.050
36.95	0.792
36.96	0.788
36.97	1.060
36.98	0.444
36.99	0.612
37	0.530
37.01	0.605
37.02	0.637
37.03	0.616
37.04	0.333
37.05	0.782
37.06	0.757
37.07	0.644
37.08	0.941
37.09	0.419
37.1	0.272
37.11	0.497
37.12	0.480
37.13	0.609
37.14	0.285
37.15	0.568
37.16	0.159
37.17	0.549
37.18	0.179
37.19	-0.304
37.2	0.363
37.21	0.810
37.22	0.096
37.23	0.512
37.24	0.397
37.25	0.238
37.26	0.268
37.27	0.144
37.28	0.593
37.29	0.631
37.3	0.355
37.31	-0.283
37.32	0.172
37.33	-0.038
37.34	0.626
37.35	0.224
37.36	0.187
37.37	0.461
37.38	0.119
37.39	-0.460
37.4	0.092
37.41	-0.122
37.42	-0.440
37.43	-0.522
37.44	-0.899
37.45	-0.205
37.46	0.147
37.47	-0.189
37.48	0.108
37.49	0.527
37.5	0.091
37.51	0.158
37.52	-0.364
37.53	-0.542
37.54	-0.062
37.55	-0.106
37.56	-0.248
37.57	-0.256
37.58	-0.505
37.59	0.142
37.6	0.102
37.61	-0.265
37.62	-0.618
37.63	-0.067
37.64	-0.360
37.65	-0.243
37.66	-0.735
37.67	0.016
37.68	-0.483
37.69	-0.505
37.7	-0.522
37.71	-0.133
37.72	-0.102
37.73	-0.268
37.74	-0.436
37.75	-0.610
37.76	0.181
37.77	-0.833
37.78	0.180
37.79	0.152
37.8	-0.173
37.81	0.160
37.82	0.256
37.83	-0.097
37.84	-0.284
37.85	-0.562
37.86	-0.082
37.87	-0.173
37.88	-0.303
37.89	-0.484
37.9	-0.205
37.91	0.162
37.92	-0.039
37.93	-0.327
37.94	0.554
37.95	-0.014
37.96	-0.835
37.97	-0.250
37.98	-0.046
37.99	-0.690
38	-0.430
38.01	-0.502
38.02	-0.721
38.03	-0.005
38.04	-0.325
38.05	-0.494
38.06	-0.213
38.07	-0.181
38.08	-0.340
38.09	-1.240
38.1	-0.326
38.11	-0.378
38.12	0.390
38.13	0.234
38.14	-0.608
38.15	-0.411
38.16	-0.601
38.17	-1.050
38.18	0.082
38.19	-0.562
38.2	-0.708
38.21	-0.298
38.22	-0.447
38.23	-0.002
38.24	-0.351
38.25	-1.100
38.26	-0.763
38.27	-0.430
38.28	-0.449
38.29	-0.367
38.3	-0.863
38.31	-0.376
38.32	-0.381
38.33	-0.064
38.34	-0.674
38.35	-0.671
38.36	-0.676
38.37	-0.608
38.38	-0.375
38.39	-0.883
38.4	-0.545
38.41	-0.881
38.42	-0.744
38.43	-0.423
38.44	-0.628
38.45	-0.437
38.46	-0.626
38.47	-1.090
38.48	-0.775
38.49	-0.766
38.5	-0.685
38.51	-1.030
38.52	-1.030
38.53	-0.984
38.54	-0.952
38.55	-0.974
38.56	-0.766
38.57	-0.861
38.58	-0.926
38.59	-0.701
38.6	-0.905
38.61	-0.491
38.62	-1.050
38.63	-0.657
38.64	-0.398
38.65	-0.670
38.66	-0.849
38.67	-0.467
38.68	-0.795
38.69	-0.775
38.7	-1.280
38.71	-0.733
38.72	-1.170
38.73	-0.689
38.74	-0.669
38.75	-0.434
38.76	-1.120
38.77	-0.829
38.78	-0.578
38.79	-0.856
38.8	-1.010
38.81	-0.638
38.82	-1.030
38.83	-0.581
38.84	-0.223
38.85	-0.643
38.86	-0.521
38.87	-0.864
38.88	-1.040
38.89	-0.868
38.9	-0.352
38.91	-0.487
38.92	-0.330
38.93	-1.030
38.94	-0.912
38.95	-0.645
38.96	-1.180
38.97	-1.020
38.98	-0.970
38.99	-0.763
39	-0.755
39.01	-0.390
39.02	-1.100
39.03	-0.731
39.04	-0.888
39.05	-1.120
39.06	-0.046
39.07	-0.337
39.08	-0.843
39.09	-0.861
39.1	-1.240
39.11	-0.761
39.12	-1.050
39.13	-1.010
39.14	-0.841
39.15	-1.210
39.16	-1.210
39.17	-1.220
39.18	-0.840
39.19	-1.160
39.2	-0.374
39.21	-1.270
39.22	-0.731
39.23	-1.150
39.24	-1.220
39.25	-1.240
39.26	-1.360
39.27	-0.382
39.28	-0.657
39.29	-0.865
39.3	-0.519
39.31	-0.795
39.32	-0.709
39.33	-0.772
39.34	-1.220
39.35	-0.298
39.36	-0.994
39.37	-0.577
39.38	-1.150
39.39	-0.638
39.4	-1.150
39.41	-1.230
39.42	-1.220
39.43	-1.120
39.44	-0.830
39.45	-1.170
39.46	-1.060
39.47	-0.836
39.48	-0.525
39.49	-1.370
39.5	-0.841
39.51	-1.100
39.52	-1.070
39.53	-0.816
39.54	-0.466
39.55	-1.350
39.56	-0.719
39.57	-0.394
39.58	-0.840
39.59	-1.240
39.6	-1.430
39.61	-0.470
39.62	-0.943
39.63	-1.400
39.64	-0.817
39.65	-0.992
39.66	-0.473
39.67	-0.610
39.68	-0.262
39.69	-1.340
39.7	-1.070
39.71	-1.690
39.72	-0.805
39.73	-0.648
39.74	-0.509
39.75	-1.130
39.76	-0.354
39.77	-0.923
39.78	-0.783
39.79	-1.700
39.8	-0.952
39.81	-0.897
39.82	-1.280
39.83	-1.280
39.84	-0.993
39.85	-0.708
39.86	-0.522
39.87	-1.260
39.88	-1.230
39.89	-1.260
39.9	-1.340
39.91	-1.710
39.92	-0.507
39.93	-0.669
39.94	-1.130
39.95	-0.960
39.96	-0.833
39.97	-1.020
39.98	-0.958
39.99	-0.700
40	-0.919
